carrier,departure_time,stops,source,destination,itinerary_type,travel_date,days_before_travel,price
Silkair,09:05,Non-stop,SIN,BLR,one-way,2020-05-01,13,"1,002"
Singapore Airlines,20:05,Non-stop,SIN,BLR,one-way,2020-05-01,13,"1,002"
Singapore Airlines,22:20,Non-stop,SIN,BLR,one-way,2020-05-01,13,"1,002"
Silkair,09:05,Non-stop,SIN,BLR,one-way,2020-05-02,14,"1,002"
Singapore Airlines,20:05,Non-stop,SIN,BLR,one-way,2020-05-02,14,"1,002"
Singapore Airlines,22:20,Non-stop,SIN,BLR,one-way,2020-05-02,14,"1,002"
IndiGo,02:45,Non-stop,SIN,BLR,one-way,2020-05-02,14,Price unavailable
Silkair,09:05,Non-stop,SIN,BLR,one-way,2020-05-03,15,"1,002"
Singapore Airlines,20:05,Non-stop,SIN,BLR,one-way,2020-05-03,15,"1,002"
Singapore Airlines,22:20,Non-stop,SIN,BLR,one-way,2020-05-03,15,"1,002"
IndiGo,02:45,Non-stop,SIN,BLR,one-way,2020-05-03,15,Price unavailable
Silkair,09:05,Non-stop,SIN,BLR,one-way,2020-05-04,16,"1,002"
Singapore Airlines,20:05,Non-stop,SIN,BLR,one-way,2020-05-04,16,"1,002"
IndiGo,02:45,Non-stop,SIN,BLR,one-way,2020-05-04,16,Price unavailable
Singapore Airlines,20:05,Non-stop,SIN,BLR,one-way,2020-05-05,17,"1,002"
IndiGo,02:45,Non-stop,SIN,BLR,one-way,2020-05-05,17,Price unavailable
Silkair,09:05,Non-stop,SIN,BLR,one-way,2020-05-06,18,"1,002"
Singapore Airlines,20:05,Non-stop,SIN,BLR,one-way,2020-05-06,18,"1,002"
IndiGo,02:45,Non-stop,SIN,BLR,one-way,2020-05-06,18,Price unavailable
Silkair,09:05,Non-stop,SIN,BLR,one-way,2020-05-07,19,"1,002"
Singapore Airlines,20:05,Non-stop,SIN,BLR,one-way,2020-05-07,19,"1,002"
IndiGo,02:45,Non-stop,SIN,BLR,one-way,2020-05-07,19,Price unavailable
Silkair,09:05,Non-stop,SIN,BLR,one-way,2020-05-08,20,"1,002"
Singapore Airlines,20:05,Non-stop,SIN,BLR,one-way,2020-05-08,20,"1,002"
Singapore Airlines,22:20,Non-stop,SIN,BLR,one-way,2020-05-08,20,"1,002"
IndiGo,02:45,Non-stop,SIN,BLR,one-way,2020-05-08,20,Price unavailable
Silkair,09:05,Non-stop,SIN,BLR,one-way,2020-05-09,21,"1,002"
Singapore Airlines,20:05,Non-stop,SIN,BLR,one-way,2020-05-09,21,"1,002"
Singapore Airlines,22:20,Non-stop,SIN,BLR,one-way,2020-05-09,21,"1,002"
IndiGo,02:45,Non-stop,SIN,BLR,one-way,2020-05-09,21,Price unavailable
Silkair,09:05,Non-stop,SIN,BLR,one-way,2020-05-10,22,"1,002"
Singapore Airlines,20:05,Non-stop,SIN,BLR,one-way,2020-05-10,22,"1,002"
Singapore Airlines,22:20,Non-stop,SIN,BLR,one-way,2020-05-10,22,"1,002"
IndiGo,02:45,Non-stop,SIN,BLR,one-way,2020-05-10,22,Price unavailable
Silkair,09:05,Non-stop,SIN,BLR,one-way,2020-05-11,23,"1,002"
Singapore Airlines,20:05,Non-stop,SIN,BLR,one-way,2020-05-11,23,"1,002"
IndiGo,02:45,Non-stop,SIN,BLR,one-way,2020-05-11,23,Price unavailable
Singapore Airlines,20:05,Non-stop,SIN,BLR,one-way,2020-05-12,24,"1,002"
IndiGo,02:45,Non-stop,SIN,BLR,one-way,2020-05-12,24,Price unavailable
Silkair,09:05,Non-stop,SIN,BLR,one-way,2020-05-13,25,"1,002"
Singapore Airlines,20:05,Non-stop,SIN,BLR,one-way,2020-05-13,25,"1,002"
IndiGo,02:45,Non-stop,SIN,BLR,one-way,2020-05-13,25,Price unavailable
Silkair,09:05,Non-stop,SIN,BLR,one-way,2020-05-14,26,"1,002"
Singapore Airlines,20:05,Non-stop,SIN,BLR,one-way,2020-05-14,26,"1,002"
IndiGo,02:45,Non-stop,SIN,BLR,one-way,2020-05-14,26,Price unavailable
Air-India Express,10:45,Non-stop,SIN,BLR,one-way,2020-05-15,27,161
IndiGo,02:45,Non-stop,SIN,BLR,one-way,2020-05-15,27,191
Silkair,09:05,Non-stop,SIN,BLR,one-way,2020-05-15,27,"1,002"
Singapore Airlines,20:05,Non-stop,SIN,BLR,one-way,2020-05-15,27,"1,002"
Singapore Airlines,22:20,Non-stop,SIN,BLR,one-way,2020-05-15,27,"1,002"
IndiGo,02:45,Non-stop,SIN,BLR,one-way,2020-05-16,28,191
Silkair,09:05,Non-stop,SIN,BLR,one-way,2020-05-16,28,"1,002"
Singapore Airlines,20:05,Non-stop,SIN,BLR,one-way,2020-05-16,28,"1,002"
Singapore Airlines,22:20,Non-stop,SIN,BLR,one-way,2020-05-16,28,"1,002"
Air-India Express,10:45,Non-stop,SIN,BLR,one-way,2020-05-17,29,161
IndiGo,02:45,Non-stop,SIN,BLR,one-way,2020-05-17,29,192
Silkair,09:05,Non-stop,SIN,BLR,one-way,2020-05-17,29,"1,002"
Singapore Airlines,20:05,Non-stop,SIN,BLR,one-way,2020-05-17,29,"1,002"
Singapore Airlines,22:20,Non-stop,SIN,BLR,one-way,2020-05-17,29,"1,002"
Air-India Express,10:45,Non-stop,SIN,BLR,one-way,2020-05-18,30,161
IndiGo,02:45,Non-stop,SIN,BLR,one-way,2020-05-18,30,192
Silkair,09:05,Non-stop,SIN,BLR,one-way,2020-05-18,30,"1,002"
Singapore Airlines,20:05,Non-stop,SIN,BLR,one-way,2020-05-18,30,"1,002"
Singapore Airlines,20:05,Non-stop,SIN,BLR,one-way,2020-05-19,31,"1,002"
IndiGo,02:45,Non-stop,SIN,BLR,one-way,2020-05-19,31,Price unavailable
Air-India Express,10:45,Non-stop,SIN,BLR,one-way,2020-05-20,32,161
IndiGo,02:45,Non-stop,SIN,BLR,one-way,2020-05-20,32,192
Silkair,09:05,Non-stop,SIN,BLR,one-way,2020-05-20,32,"1,002"
Singapore Airlines,20:05,Non-stop,SIN,BLR,one-way,2020-05-20,32,"1,002"
Silkair,09:05,Non-stop,SIN,BLR,one-way,2020-05-21,33,"1,002"
Singapore Airlines,20:05,Non-stop,SIN,BLR,one-way,2020-05-21,33,"1,002"
IndiGo,02:45,Non-stop,SIN,BLR,one-way,2020-05-21,33,Price unavailable
Air-India Express,10:45,Non-stop,SIN,BLR,one-way,2020-05-22,34,161
Silkair,09:05,Non-stop,SIN,BLR,one-way,2020-05-22,34,"1,002"
Singapore Airlines,20:05,Non-stop,SIN,BLR,one-way,2020-05-22,34,"1,002"
Singapore Airlines,22:20,Non-stop,SIN,BLR,one-way,2020-05-22,34,"1,002"
IndiGo,02:45,Non-stop,SIN,BLR,one-way,2020-05-22,34,Price unavailable
Silkair,09:05,Non-stop,SIN,BLR,one-way,2020-05-23,35,"1,002"
Singapore Airlines,20:05,Non-stop,SIN,BLR,one-way,2020-05-23,35,"1,002"
Singapore Airlines,22:20,Non-stop,SIN,BLR,one-way,2020-05-23,35,"1,002"
IndiGo,02:45,Non-stop,SIN,BLR,one-way,2020-05-23,35,Price unavailable
Air-India Express,10:45,Non-stop,SIN,BLR,one-way,2020-05-24,36,229
Silkair,09:05,Non-stop,SIN,BLR,one-way,2020-05-24,36,"1,002"
Singapore Airlines,20:05,Non-stop,SIN,BLR,one-way,2020-05-24,36,"1,002"
Singapore Airlines,22:20,Non-stop,SIN,BLR,one-way,2020-05-24,36,"1,002"
IndiGo,02:45,Non-stop,SIN,BLR,one-way,2020-05-24,36,Price unavailable
Air-India Express,10:45,Non-stop,SIN,BLR,one-way,2020-05-25,37,229
Silkair,09:05,Non-stop,SIN,BLR,one-way,2020-05-25,37,"1,002"
Singapore Airlines,20:05,Non-stop,SIN,BLR,one-way,2020-05-25,37,"1,002"
IndiGo,02:45,Non-stop,SIN,BLR,one-way,2020-05-25,37,Price unavailable
Singapore Airlines,20:05,Non-stop,SIN,BLR,one-way,2020-05-26,38,"1,002"
IndiGo,02:45,Non-stop,SIN,BLR,one-way,2020-05-26,38,Price unavailable
Air-India Express,10:45,Non-stop,SIN,BLR,one-way,2020-05-27,39,229
Silkair,09:05,Non-stop,SIN,BLR,one-way,2020-05-27,39,"1,002"
Singapore Airlines,20:05,Non-stop,SIN,BLR,one-way,2020-05-27,39,"1,002"
IndiGo,02:45,Non-stop,SIN,BLR,one-way,2020-05-27,39,Price unavailable
Silkair,09:05,Non-stop,SIN,BLR,one-way,2020-05-28,40,"1,002"
Singapore Airlines,20:05,Non-stop,SIN,BLR,one-way,2020-05-28,40,"1,002"
IndiGo,02:45,Non-stop,SIN,BLR,one-way,2020-05-28,40,Price unavailable
Air-India Express,10:45,Non-stop,SIN,BLR,one-way,2020-05-29,41,229
Silkair,09:05,Non-stop,SIN,BLR,one-way,2020-05-29,41,"1,002"
Singapore Airlines,20:05,Non-stop,SIN,BLR,one-way,2020-05-29,41,"1,002"
Singapore Airlines,22:20,Non-stop,SIN,BLR,one-way,2020-05-29,41,"1,002"
IndiGo,02:45,Non-stop,SIN,BLR,one-way,2020-05-29,41,Price unavailable
Silkair,09:05,Non-stop,SIN,BLR,one-way,2020-05-30,42,"1,002"
Singapore Airlines,20:05,Non-stop,SIN,BLR,one-way,2020-05-30,42,"1,002"
Singapore Airlines,22:20,Non-stop,SIN,BLR,one-way,2020-05-30,42,"1,002"
IndiGo,02:45,Non-stop,SIN,BLR,one-way,2020-05-30,42,Price unavailable
Air-India Express,10:45,Non-stop,SIN,BLR,one-way,2020-05-31,43,229
Silkair,09:05,Non-stop,SIN,BLR,one-way,2020-05-31,43,"1,002"
Singapore Airlines,20:05,Non-stop,SIN,BLR,one-way,2020-05-31,43,"1,002"
Singapore Airlines,22:20,Non-stop,SIN,BLR,one-way,2020-05-31,43,"1,002"
IndiGo,02:45,Non-stop,SIN,BLR,one-way,2020-05-31,43,Price unavailable
Air-India Express,10:45,Non-stop,SIN,BLR,one-way,2020-06-01,44,229
Silkair,09:05,Non-stop,SIN,BLR,one-way,2020-06-01,44,564
Singapore Airlines,20:05,Non-stop,SIN,BLR,one-way,2020-06-01,44,564
IndiGo,02:45,Non-stop,SIN,BLR,one-way,2020-06-01,44,Price unavailable
Singapore Airlines,20:05,Non-stop,SIN,BLR,one-way,2020-06-02,45,564
IndiGo,02:45,Non-stop,SIN,BLR,one-way,2020-06-02,45,Price unavailable
Air-India Express,10:45,Non-stop,SIN,BLR,one-way,2020-06-03,46,229
Silkair,09:05,Non-stop,SIN,BLR,one-way,2020-06-03,46,564
Singapore Airlines,20:05,Non-stop,SIN,BLR,one-way,2020-06-03,46,564
IndiGo,02:45,Non-stop,SIN,BLR,one-way,2020-06-03,46,Price unavailable
Silkair,09:05,Non-stop,SIN,BLR,one-way,2020-06-04,47,564
Singapore Airlines,20:05,Non-stop,SIN,BLR,one-way,2020-06-04,47,564
IndiGo,02:45,Non-stop,SIN,BLR,one-way,2020-06-04,47,Price unavailable
Air-India Express,10:45,Non-stop,SIN,BLR,one-way,2020-06-05,48,229
Silkair,09:05,Non-stop,SIN,BLR,one-way,2020-06-05,48,564
Singapore Airlines,20:05,Non-stop,SIN,BLR,one-way,2020-06-05,48,564
Singapore Airlines,22:20,Non-stop,SIN,BLR,one-way,2020-06-05,48,564
IndiGo,02:45,Non-stop,SIN,BLR,one-way,2020-06-05,48,Price unavailable
Silkair,09:05,Non-stop,SIN,BLR,one-way,2020-06-06,49,564
Singapore Airlines,20:05,Non-stop,SIN,BLR,one-way,2020-06-06,49,564
Singapore Airlines,22:20,Non-stop,SIN,BLR,one-way,2020-06-06,49,564
IndiGo,02:45,Non-stop,SIN,BLR,one-way,2020-06-06,49,Price unavailable
Air-India Express,10:45,Non-stop,SIN,BLR,one-way,2020-06-07,50,229
Silkair,09:05,Non-stop,SIN,BLR,one-way,2020-06-07,50,564
Singapore Airlines,20:05,Non-stop,SIN,BLR,one-way,2020-06-07,50,564
Singapore Airlines,22:20,Non-stop,SIN,BLR,one-way,2020-06-07,50,564
IndiGo,02:45,Non-stop,SIN,BLR,one-way,2020-06-07,50,Price unavailable
Air-India Express,10:45,Non-stop,SIN,BLR,one-way,2020-06-08,51,229
Silkair,09:05,Non-stop,SIN,BLR,one-way,2020-06-08,51,564
Singapore Airlines,20:05,Non-stop,SIN,BLR,one-way,2020-06-08,51,564
IndiGo,02:45,Non-stop,SIN,BLR,one-way,2020-06-08,51,Price unavailable
Singapore Airlines,20:05,Non-stop,SIN,BLR,one-way,2020-06-09,52,564
IndiGo,02:45,Non-stop,SIN,BLR,one-way,2020-06-09,52,Price unavailable
Air-India Express,10:45,Non-stop,SIN,BLR,one-way,2020-06-10,53,229
Silkair,09:05,Non-stop,SIN,BLR,one-way,2020-06-10,53,564
Singapore Airlines,20:05,Non-stop,SIN,BLR,one-way,2020-06-10,53,564
IndiGo,02:45,Non-stop,SIN,BLR,one-way,2020-06-10,53,Price unavailable
Silkair,09:05,Non-stop,SIN,BLR,one-way,2020-06-11,54,564
Singapore Airlines,20:05,Non-stop,SIN,BLR,one-way,2020-06-11,54,564
IndiGo,02:45,Non-stop,SIN,BLR,one-way,2020-06-11,54,Price unavailable
Air-India Express,10:45,Non-stop,SIN,BLR,one-way,2020-06-12,55,229
Silkair,09:05,Non-stop,SIN,BLR,one-way,2020-06-12,55,564
Singapore Airlines,20:05,Non-stop,SIN,BLR,one-way,2020-06-12,55,564
Singapore Airlines,22:20,Non-stop,SIN,BLR,one-way,2020-06-12,55,564
IndiGo,02:45,Non-stop,SIN,BLR,one-way,2020-06-12,55,Price unavailable
Silkair,09:05,Non-stop,SIN,BLR,one-way,2020-06-13,56,564
Singapore Airlines,20:05,Non-stop,SIN,BLR,one-way,2020-06-13,56,564
Singapore Airlines,22:20,Non-stop,SIN,BLR,one-way,2020-06-13,56,564
IndiGo,02:45,Non-stop,SIN,BLR,one-way,2020-06-13,56,Price unavailable
Air-India Express,10:45,Non-stop,SIN,BLR,one-way,2020-06-14,57,229
Silkair,09:05,Non-stop,SIN,BLR,one-way,2020-06-14,57,564
Singapore Airlines,20:05,Non-stop,SIN,BLR,one-way,2020-06-14,57,564
Singapore Airlines,22:20,Non-stop,SIN,BLR,one-way,2020-06-14,57,564
IndiGo,02:45,Non-stop,SIN,BLR,one-way,2020-06-14,57,Price unavailable
Air-India Express,10:45,Non-stop,SIN,BLR,one-way,2020-06-15,58,229
Silkair,09:05,Non-stop,SIN,BLR,one-way,2020-06-15,58,564
Singapore Airlines,20:05,Non-stop,SIN,BLR,one-way,2020-06-15,58,564
IndiGo,02:45,Non-stop,SIN,BLR,one-way,2020-06-15,58,Price unavailable
Singapore Airlines,20:05,Non-stop,SIN,BLR,one-way,2020-06-16,59,564
IndiGo,02:45,Non-stop,SIN,BLR,one-way,2020-06-16,59,Price unavailable
Air-India Express,10:45,Non-stop,SIN,BLR,one-way,2020-06-17,60,229
Silkair,09:05,Non-stop,SIN,BLR,one-way,2020-06-17,60,564
Singapore Airlines,20:05,Non-stop,SIN,BLR,one-way,2020-06-17,60,564
IndiGo,02:45,Non-stop,SIN,BLR,one-way,2020-06-17,60,Price unavailable
Silkair,09:05,Non-stop,SIN,BLR,one-way,2020-06-18,61,564
Singapore Airlines,20:05,Non-stop,SIN,BLR,one-way,2020-06-18,61,564
IndiGo,02:45,Non-stop,SIN,BLR,one-way,2020-06-18,61,Price unavailable
Air-India Express,10:45,Non-stop,SIN,BLR,one-way,2020-06-19,62,229
Silkair,09:05,Non-stop,SIN,BLR,one-way,2020-06-19,62,564
Singapore Airlines,20:05,Non-stop,SIN,BLR,one-way,2020-06-19,62,564
Singapore Airlines,22:20,Non-stop,SIN,BLR,one-way,2020-06-19,62,564
IndiGo,02:45,Non-stop,SIN,BLR,one-way,2020-06-19,62,Price unavailable
Silkair,09:05,Non-stop,SIN,BLR,one-way,2020-06-20,63,564
Singapore Airlines,20:05,Non-stop,SIN,BLR,one-way,2020-06-20,63,564
Singapore Airlines,22:20,Non-stop,SIN,BLR,one-way,2020-06-20,63,564
IndiGo,02:45,Non-stop,SIN,BLR,one-way,2020-06-20,63,Price unavailable
Air-India Express,10:45,Non-stop,SIN,BLR,one-way,2020-06-21,64,229
Silkair,09:05,Non-stop,SIN,BLR,one-way,2020-06-21,64,564
Singapore Airlines,20:05,Non-stop,SIN,BLR,one-way,2020-06-21,64,564
Singapore Airlines,22:20,Non-stop,SIN,BLR,one-way,2020-06-21,64,564
IndiGo,02:45,Non-stop,SIN,BLR,one-way,2020-06-21,64,Price unavailable
Air-India Express,10:45,Non-stop,SIN,BLR,one-way,2020-06-22,65,229
Silkair,09:05,Non-stop,SIN,BLR,one-way,2020-06-22,65,564
Singapore Airlines,20:05,Non-stop,SIN,BLR,one-way,2020-06-22,65,564
IndiGo,02:45,Non-stop,SIN,BLR,one-way,2020-06-22,65,Price unavailable
Singapore Airlines,20:05,Non-stop,SIN,BLR,one-way,2020-06-23,66,564
IndiGo,02:45,Non-stop,SIN,BLR,one-way,2020-06-23,66,Price unavailable
Air-India Express,10:45,Non-stop,SIN,BLR,one-way,2020-06-24,67,229
Silkair,09:05,Non-stop,SIN,BLR,one-way,2020-06-24,67,564
Singapore Airlines,20:05,Non-stop,SIN,BLR,one-way,2020-06-24,67,564
IndiGo,02:45,Non-stop,SIN,BLR,one-way,2020-06-24,67,Price unavailable
Silkair,09:05,Non-stop,SIN,BLR,one-way,2020-06-25,68,564
Singapore Airlines,20:05,Non-stop,SIN,BLR,one-way,2020-06-25,68,564
IndiGo,02:45,Non-stop,SIN,BLR,one-way,2020-06-25,68,Price unavailable
Air-India Express,10:45,Non-stop,SIN,BLR,one-way,2020-06-26,69,229
Silkair,09:05,Non-stop,SIN,BLR,one-way,2020-06-26,69,564
Singapore Airlines,20:05,Non-stop,SIN,BLR,one-way,2020-06-26,69,564
Singapore Airlines,22:20,Non-stop,SIN,BLR,one-way,2020-06-26,69,564
IndiGo,02:45,Non-stop,SIN,BLR,one-way,2020-06-26,69,Price unavailable
Silkair,09:05,Non-stop,SIN,BLR,one-way,2020-06-27,70,564
Singapore Airlines,20:05,Non-stop,SIN,BLR,one-way,2020-06-27,70,564
Singapore Airlines,22:20,Non-stop,SIN,BLR,one-way,2020-06-27,70,564
IndiGo,02:45,Non-stop,SIN,BLR,one-way,2020-06-27,70,Price unavailable
Air-India Express,10:45,Non-stop,SIN,BLR,one-way,2020-06-28,71,229
Silkair,09:05,Non-stop,SIN,BLR,one-way,2020-06-28,71,564
Singapore Airlines,20:05,Non-stop,SIN,BLR,one-way,2020-06-28,71,564
Singapore Airlines,22:20,Non-stop,SIN,BLR,one-way,2020-06-28,71,564
IndiGo,02:45,Non-stop,SIN,BLR,one-way,2020-06-28,71,Price unavailable
Air-India Express,10:45,Non-stop,SIN,BLR,one-way,2020-06-29,72,229
Silkair,09:05,Non-stop,SIN,BLR,one-way,2020-06-29,72,564
Singapore Airlines,20:05,Non-stop,SIN,BLR,one-way,2020-06-29,72,564
IndiGo,02:45,Non-stop,SIN,BLR,one-way,2020-06-29,72,Price unavailable
Singapore Airlines,20:05,Non-stop,SIN,BLR,one-way,2020-06-30,73,564
IndiGo,02:45,Non-stop,SIN,BLR,one-way,2020-06-30,73,Price unavailable
Air-India Express,10:45,Non-stop,SIN,BLR,one-way,2020-07-01,74,229
Singapore Airlines,20:05,Non-stop,SIN,BLR,one-way,2020-07-01,74,290
Silkair,09:05,Non-stop,SIN,BLR,one-way,2020-07-01,74,330
IndiGo,02:45,Non-stop,SIN,BLR,one-way,2020-07-01,74,Price unavailable
Silkair,09:05,Non-stop,SIN,BLR,one-way,2020-07-02,75,290
Singapore Airlines,20:05,Non-stop,SIN,BLR,one-way,2020-07-02,75,290
IndiGo,02:45,Non-stop,SIN,BLR,one-way,2020-07-02,75,Price unavailable
Air-India Express,10:45,Non-stop,SIN,BLR,one-way,2020-07-03,76,229
Silkair,09:05,Non-stop,SIN,BLR,one-way,2020-07-03,76,290
Singapore Airlines,20:05,Non-stop,SIN,BLR,one-way,2020-07-03,76,290
Singapore Airlines,22:20,Non-stop,SIN,BLR,one-way,2020-07-03,76,290
IndiGo,02:45,Non-stop,SIN,BLR,one-way,2020-07-03,76,Price unavailable
Silkair,09:05,Non-stop,SIN,BLR,one-way,2020-07-04,77,290
Singapore Airlines,20:05,Non-stop,SIN,BLR,one-way,2020-07-04,77,290
Singapore Airlines,22:20,Non-stop,SIN,BLR,one-way,2020-07-04,77,290
IndiGo,02:45,Non-stop,SIN,BLR,one-way,2020-07-04,77,Price unavailable
Air-India Express,10:45,Non-stop,SIN,BLR,one-way,2020-07-05,78,229
Silkair,09:05,Non-stop,SIN,BLR,one-way,2020-07-05,78,290
Singapore Airlines,20:05,Non-stop,SIN,BLR,one-way,2020-07-05,78,290
Singapore Airlines,22:20,Non-stop,SIN,BLR,one-way,2020-07-05,78,290
IndiGo,02:45,Non-stop,SIN,BLR,one-way,2020-07-05,78,Price unavailable
Air-India Express,10:45,Non-stop,SIN,BLR,one-way,2020-07-06,79,229
Silkair,09:05,Non-stop,SIN,BLR,one-way,2020-07-06,79,290
Singapore Airlines,20:05,Non-stop,SIN,BLR,one-way,2020-07-06,79,400
IndiGo,02:45,Non-stop,SIN,BLR,one-way,2020-07-06,79,Price unavailable
Singapore Airlines,20:05,Non-stop,SIN,BLR,one-way,2020-07-07,80,290
IndiGo,02:45,Non-stop,SIN,BLR,one-way,2020-07-07,80,Price unavailable
Air-India Express,10:45,Non-stop,SIN,BLR,one-way,2020-07-08,81,229
Silkair,09:05,Non-stop,SIN,BLR,one-way,2020-07-08,81,290
Singapore Airlines,20:05,Non-stop,SIN,BLR,one-way,2020-07-08,81,290
IndiGo,02:45,Non-stop,SIN,BLR,one-way,2020-07-08,81,Price unavailable
Silkair,09:05,Non-stop,SIN,BLR,one-way,2020-07-09,82,290
Singapore Airlines,20:05,Non-stop,SIN,BLR,one-way,2020-07-09,82,290
IndiGo,02:45,Non-stop,SIN,BLR,one-way,2020-07-09,82,Price unavailable
Air-India Express,10:45,Non-stop,SIN,BLR,one-way,2020-07-10,83,229
Silkair,09:05,Non-stop,SIN,BLR,one-way,2020-07-10,83,290
Singapore Airlines,20:05,Non-stop,SIN,BLR,one-way,2020-07-10,83,290
Singapore Airlines,22:20,Non-stop,SIN,BLR,one-way,2020-07-10,83,290
IndiGo,02:45,Non-stop,SIN,BLR,one-way,2020-07-10,83,Price unavailable
Silkair,09:05,Non-stop,SIN,BLR,one-way,2020-07-11,84,290
Singapore Airlines,20:05,Non-stop,SIN,BLR,one-way,2020-07-11,84,290
Singapore Airlines,22:20,Non-stop,SIN,BLR,one-way,2020-07-11,84,290
IndiGo,02:45,Non-stop,SIN,BLR,one-way,2020-07-11,84,Price unavailable
Air-India Express,10:45,Non-stop,SIN,BLR,one-way,2020-07-12,85,229
Silkair,09:05,Non-stop,SIN,BLR,one-way,2020-07-12,85,290
Singapore Airlines,20:05,Non-stop,SIN,BLR,one-way,2020-07-12,85,290
Singapore Airlines,22:20,Non-stop,SIN,BLR,one-way,2020-07-12,85,290
IndiGo,02:45,Non-stop,SIN,BLR,one-way,2020-07-12,85,Price unavailable
Air-India Express,10:45,Non-stop,SIN,BLR,one-way,2020-07-13,86,229
Silkair,09:05,Non-stop,SIN,BLR,one-way,2020-07-13,86,290
Singapore Airlines,20:05,Non-stop,SIN,BLR,one-way,2020-07-13,86,330
IndiGo,02:45,Non-stop,SIN,BLR,one-way,2020-07-13,86,Price unavailable
Singapore Airlines,20:05,Non-stop,SIN,BLR,one-way,2020-07-14,87,290
IndiGo,02:45,Non-stop,SIN,BLR,one-way,2020-07-14,87,Price unavailable
Air-India Express,10:45,Non-stop,SIN,BLR,one-way,2020-07-15,88,229
Silkair,09:05,Non-stop,SIN,BLR,one-way,2020-07-15,88,290
Singapore Airlines,20:05,Non-stop,SIN,BLR,one-way,2020-07-15,88,290
IndiGo,02:45,Non-stop,SIN,BLR,one-way,2020-07-15,88,Price unavailable
Silkair,09:05,Non-stop,SIN,BLR,one-way,2020-07-16,89,290
Singapore Airlines,20:05,Non-stop,SIN,BLR,one-way,2020-07-16,89,290
Air-India Express,10:45,Non-stop,SIN,BLR,one-way,2020-07-17,90,229
Silkair,09:05,Non-stop,SIN,BLR,one-way,2020-07-17,90,290
Singapore Airlines,20:05,Non-stop,SIN,BLR,one-way,2020-07-17,90,290
Singapore Airlines,22:20,Non-stop,SIN,BLR,one-way,2020-07-17,90,290
Silkair,09:05,Non-stop,SIN,BLR,one-way,2020-07-18,91,290
Singapore Airlines,20:05,Non-stop,SIN,BLR,one-way,2020-07-18,91,290
Singapore Airlines,22:20,Non-stop,SIN,BLR,one-way,2020-07-18,91,290
Air-India Express,10:45,Non-stop,SIN,BLR,one-way,2020-07-19,92,229
Silkair,09:05,Non-stop,SIN,BLR,one-way,2020-07-19,92,290
Singapore Airlines,20:05,Non-stop,SIN,BLR,one-way,2020-07-19,92,290
Singapore Airlines,22:20,Non-stop,SIN,BLR,one-way,2020-07-19,92,290
Air-India Express,10:45,Non-stop,SIN,BLR,one-way,2020-07-20,93,229
Silkair,09:05,Non-stop,SIN,BLR,one-way,2020-07-20,93,290
Singapore Airlines,20:05,Non-stop,SIN,BLR,one-way,2020-07-20,93,330
Singapore Airlines,20:05,Non-stop,SIN,BLR,one-way,2020-07-21,94,290
Air-India Express,10:45,Non-stop,SIN,BLR,one-way,2020-07-22,95,229
Silkair,09:05,Non-stop,SIN,BLR,one-way,2020-07-22,95,290
Singapore Airlines,20:05,Non-stop,SIN,BLR,one-way,2020-07-22,95,290
Silkair,09:05,Non-stop,SIN,BLR,one-way,2020-07-23,96,290
Singapore Airlines,20:05,Non-stop,SIN,BLR,one-way,2020-07-23,96,290
Air-India Express,10:45,Non-stop,SIN,BLR,one-way,2020-07-24,97,229
Silkair,09:05,Non-stop,SIN,BLR,one-way,2020-07-24,97,290
Singapore Airlines,20:05,Non-stop,SIN,BLR,one-way,2020-07-24,97,290
Singapore Airlines,22:20,Non-stop,SIN,BLR,one-way,2020-07-24,97,290
Silkair,09:05,Non-stop,SIN,BLR,one-way,2020-07-25,98,290
Singapore Airlines,20:05,Non-stop,SIN,BLR,one-way,2020-07-25,98,290
Singapore Airlines,22:20,Non-stop,SIN,BLR,one-way,2020-07-25,98,290
Air-India Express,10:45,Non-stop,SIN,BLR,one-way,2020-07-26,99,229
Silkair,09:05,Non-stop,SIN,BLR,one-way,2020-07-26,99,290
Singapore Airlines,20:05,Non-stop,SIN,BLR,one-way,2020-07-26,99,290
Singapore Airlines,22:20,Non-stop,SIN,BLR,one-way,2020-07-26,99,290
Air-India Express,10:45,Non-stop,SIN,BLR,one-way,2020-07-27,100,229
Silkair,09:05,Non-stop,SIN,BLR,one-way,2020-07-27,100,290
Singapore Airlines,20:05,Non-stop,SIN,BLR,one-way,2020-07-27,100,330
Singapore Airlines,20:05,Non-stop,SIN,BLR,one-way,2020-07-28,101,290
Air-India Express,10:45,Non-stop,SIN,BLR,one-way,2020-07-29,102,229
Silkair,09:05,Non-stop,SIN,BLR,one-way,2020-07-29,102,290
Singapore Airlines,20:05,Non-stop,SIN,BLR,one-way,2020-07-29,102,290
